Suite/Test/Step Name,Browser,Description,Tag,Start time,End time,Duration,Status
TS_EndToEnd,Chrome 136.0.7103.93,,,15-05-2025 17:14:27,15-05-2025 17:19:23,4m - 55.845s,PASSED
,,,,,,,
Test Cases/Common/Login/TC_LoginMahasiswa,Chrome 136.0.7103.93,Logs in as a student user.,,15-05-2025 17:14:28,15-05-2025 17:14:53,24.945s,PASSED
"DATA BINDING - {""(Default) Role"":""Mahasiswa"",""(Default) Email"":""mahasiswa@example.com"",""(Default) Passw..."":""8SQVv/p9jVScEs4/2CZsLw\u003d\u003d""}",,,,,,,
"openBrowser("""")",Chrome 136.0.7103.93,,,15-05-2025 17:14:29,15-05-2025 17:14:34,4.926s,PASSED
navigateToUrl(URL_Test_Env),Chrome 136.0.7103.93,,,15-05-2025 17:14:34,15-05-2025 17:14:36,1.788s,PASSED
maximizeWindow(),Chrome 136.0.7103.93,,,15-05-2025 17:14:36,15-05-2025 17:14:36,0.144s,PASSED
"verifyElementVisible(findTestObject(""Page_Welcome - Simikro/img""))",Chrome 136.0.7103.93,,,15-05-2025 17:14:36,15-05-2025 17:14:37,0.624s,PASSED
"verifyElementVisible(findTestObject(""Page_Welcome - Simikro/h2_Simikro""))",Chrome 136.0.7103.93,,,15-05-2025 17:14:37,15-05-2025 17:14:37,0.394s,PASSED
"verifyElementVisible(findTestObject(""Page_Welcome - Simikro/p_Simikro adalah sistem digital inovatif yang dirancang untuk mempermudah evaluasi capaian microskill dalam program Merdeka Belajar Kampus Merdeka (MBKM). Dengan platform ini, mahasiswa dan dosen dapat mengakses, menilai""))",Chrome 136.0.7103.93,,,15-05-2025 17:14:37,15-05-2025 17:14:38,0.403s,PASSED
"verifyElementVisible(findTestObject(""Page_Welcome - Simikro/p_Mahasiswa dapat memantau hasil evaluasi secara real-time, memahami standar penilaian, serta mendapatkan umpan balik langsung dari dosen. Sementara itu, dosen dapat melakukan penilaian dengan lebih sistematis melalui fo""))",Chrome 136.0.7103.93,,,15-05-2025 17:14:38,15-05-2025 17:14:38,0.375s,PASSED
takeFullPageScreenshot(STOP_ON_FAILURE),Chrome 136.0.7103.93,,,15-05-2025 17:14:38,15-05-2025 17:14:40,1.889s,PASSED
"click(findTestObject(""Object Repository/Page_Welcome - Simikro/a_Login""))",Chrome 136.0.7103.93,,,15-05-2025 17:14:40,15-05-2025 17:14:43,3.251s,PASSED
"setText(findTestObject(""Object Repository/Page_Login - Simikro/input_Email_email""), Email)",Chrome 136.0.7103.93,,,15-05-2025 17:14:43,15-05-2025 17:14:44,1.215s,PASSED
"setEncryptedText(findTestObject(""Object Repository/Page_Login - Simikro/input_Password_password""), Password)",Chrome 136.0.7103.93,,,15-05-2025 17:14:44,15-05-2025 17:14:45,0.602s,PASSED
"click(findTestObject(""Object Repository/Page_Login - Simikro/button_Masuk""))",Chrome 136.0.7103.93,,,15-05-2025 17:14:45,15-05-2025 17:14:51,5.954s,PASSED
"verifyElementText(findTestObject(""Object Repository/Page_Dashboard - Simikro/h1_Dashboard""), ""Dashboard"")",Chrome 136.0.7103.93,,,15-05-2025 17:14:51,15-05-2025 17:14:51,0.565s,PASSED
"verifyElementText(findTestObject(""Page_Dashboard - Simikro/span_Mahasiswa_1""), Role)",Chrome 136.0.7103.93,,,15-05-2025 17:14:51,15-05-2025 17:14:52,0.347s,PASSED
"verifyElementText(findTestObject(""Page_Dashboard - Simikro/span_Mahasiswa""), Role)",Chrome 136.0.7103.93,,,15-05-2025 17:14:52,15-05-2025 17:14:52,0.321s,PASSED
takeFullPageScreenshot(STOP_ON_FAILURE),Chrome 136.0.7103.93,,,15-05-2025 17:14:52,15-05-2025 17:14:53,1.062s,PASSED
,,,,,,,
Test Cases/Common/TC_EditProfile,Chrome 136.0.7103.93,Edits user profile information.,,15-05-2025 17:14:53,15-05-2025 17:15:08,15.197s,PASSED
"click(findTestObject(""Object Repository/Page_Report - Simikro/span_Pengaturan""))",Chrome 136.0.7103.93,,,15-05-2025 17:14:53,15-05-2025 17:14:54,0.473s,PASSED
"click(findTestObject(""Object Repository/Page_Report - Simikro/span_Profil Pengguna""))",Chrome 136.0.7103.93,,,15-05-2025 17:14:54,15-05-2025 17:14:58,3.823s,PASSED
"click(findTestObject(""Object Repository/Page_Profil Master - Simikro/a_Edit Profil""))",Chrome 136.0.7103.93,,,15-05-2025 17:14:58,15-05-2025 17:15:04,6.031s,PASSED
"click(findTestObject(""Object Repository/Page_Profil Master - Simikro/button_Simpan Perubahan""))",Chrome 136.0.7103.93,,,15-05-2025 17:15:04,15-05-2025 17:15:08,4.678s,PASSED
,,,,,,,
Test Cases/User Flow/Mahasiswa/TC_AddSubmission,Chrome 136.0.7103.93,Creates a new submission as a student.,,15-05-2025 17:15:08,15-05-2025 17:15:53,44.827s,PASSED
"click(findTestObject(""Object Repository/Page_Dashboard - Simikro/span_Pengajuan Konversi""))",Chrome 136.0.7103.93,,,15-05-2025 17:15:09,15-05-2025 17:15:13,3.922s,PASSED
"click(findTestObject(""Object Repository/Page_Report - Simikro/button_OK""))",Chrome 136.0.7103.93,,,15-05-2025 17:15:13,15-05-2025 17:15:13,0.782s,PASSED
"verifyElementText(findTestObject(""Object Repository/Page_Report - Simikro/td_Belum Test""), ""Belum Test"")",Chrome 136.0.7103.93,,,15-05-2025 17:15:13,15-05-2025 17:15:14,0.395s,PASSED
"verifyElementText(findTestObject(""Object Repository/Page_Report - Simikro/span_Silahkan tes terlebih dahulu""), ""Silahkan tes terlebih dahulu"")",Chrome 136.0.7103.93,,,15-05-2025 17:15:14,15-05-2025 17:15:14,0.365s,PASSED
takeFullPageScreenshot(),Chrome 136.0.7103.93,,,15-05-2025 17:15:14,15-05-2025 17:15:15,1.109s,PASSED
"click(findTestObject(""Object Repository/Page_Report - Simikro/a_Tes Mikroskill""))",Chrome 136.0.7103.93,,,15-05-2025 17:15:15,15-05-2025 17:15:19,3.160s,PASSED
"click(findTestObject(""Object Repository/Page_Report - Simikro/input_Kemampuan menyampaikan materi dengan _4e1275""))",Chrome 136.0.7103.93,,,15-05-2025 17:15:19,15-05-2025 17:15:19,0.937s,PASSED
"click(findTestObject(""Object Repository/Page_Report - Simikro/input_Keterampilan mendengarkan aktif saat _67cc67""))",Chrome 136.0.7103.93,,,15-05-2025 17:15:19,15-05-2025 17:15:22,2.781s,PASSED
"click(findTestObject(""Object Repository/Page_Report - Simikro/input_Kemampuan menggunakan bahasa yang efe_ffe254""))",Chrome 136.0.7103.93,,,15-05-2025 17:15:22,15-05-2025 17:15:23,0.519s,PASSED
"click(findTestObject(""Object Repository/Page_Report - Simikro/input_Kemampuan menyesuaikan gaya komunikas_728114""))",Chrome 136.0.7103.93,,,15-05-2025 17:15:23,15-05-2025 17:15:23,0.553s,PASSED
"click(findTestObject(""Object Repository/Page_Report - Simikro/input_Keterampilan menulis laporan atau cat_4ecc16""))",Chrome 136.0.7103.93,,,15-05-2025 17:15:23,15-05-2025 17:15:24,0.571s,PASSED
"click(findTestObject(""Object Repository/Page_Report - Simikro/input_Kemampuan mengambil inisiatif dalam k_8bcb9a""))",Chrome 136.0.7103.93,,,15-05-2025 17:15:24,15-05-2025 17:15:27,2.832s,PASSED
"click(findTestObject(""Object Repository/Page_Report - Simikro/input_Kemampuan membimbing dan menginspiras_5dfbc1""))",Chrome 136.0.7103.93,,,15-05-2025 17:15:27,15-05-2025 17:15:27,0.586s,PASSED
"click(findTestObject(""Object Repository/Page_Report - Simikro/input_Keterampilan bekerja sama dan mengoor_8aa691""))",Chrome 136.0.7103.93,,,15-05-2025 17:15:27,15-05-2025 17:15:28,0.556s,PASSED
"click(findTestObject(""Object Repository/Page_Report - Simikro/input_Kemampuan memberi motivasi dan memban_022ee0""))",Chrome 136.0.7103.93,,,15-05-2025 17:15:28,15-05-2025 17:15:29,0.696s,PASSED
"click(findTestObject(""Object Repository/Page_Report - Simikro/input_Keberanian mengambil keputusan dalam _2030a3""))",Chrome 136.0.7103.93,,,15-05-2025 17:15:29,15-05-2025 17:15:29,0.729s,PASSED
"click(findTestObject(""Object Repository/Page_Report - Simikro/input_Kemampuan mengatur jadwal antara meng_58469a""))",Chrome 136.0.7103.93,,,15-05-2025 17:15:29,15-05-2025 17:15:34,5.012s,PASSED
"click(findTestObject(""Object Repository/Page_Report - Simikro/input_Efisiensi dalam menyusun rencana pemb_90b206""))",Chrome 136.0.7103.93,,,15-05-2025 17:15:34,15-05-2025 17:15:35,0.682s,PASSED
"click(findTestObject(""Object Repository/Page_Report - Simikro/input_Prioritas dalam menyelesaikan tugas d_b9c1d6""))",Chrome 136.0.7103.93,,,15-05-2025 17:15:35,15-05-2025 17:15:35,0.488s,PASSED
"click(findTestObject(""Object Repository/Page_Report - Simikro/input_Fleksibilitas dalam menyesuaikan jadw_919947""))",Chrome 136.0.7103.93,,,15-05-2025 17:15:35,15-05-2025 17:15:36,0.589s,PASSED
"click(findTestObject(""Object Repository/Page_Report - Simikro/input_Kemampuan menyelesaikan pekerjaan tan_a3c11e""))",Chrome 136.0.7103.93,,,15-05-2025 17:15:36,15-05-2025 17:15:37,0.463s,PASSED
"click(findTestObject(""Page_Report - Simikro/input_Kemampuan menganalisis permasalahan p_8e622e""))",Chrome 136.0.7103.93,,,15-05-2025 17:15:37,15-05-2025 17:15:37,0.581s,PASSED
"click(findTestObject(""Object Repository/Page_Report - Simikro/input_Kreativitas dalam mencari solusi alte_749f5c""))",Chrome 136.0.7103.93,,,15-05-2025 17:15:37,15-05-2025 17:15:38,0.634s,PASSED
"click(findTestObject(""Object Repository/Page_Report - Simikro/input_Kemampuan menyelesaikan konflik antar_790524""))",Chrome 136.0.7103.93,,,15-05-2025 17:15:38,15-05-2025 17:15:38,0.483s,PASSED
"click(findTestObject(""Object Repository/Page_Report - Simikro/input_Daya tahan dalam menghadapi kendala p_68faf5""))",Chrome 136.0.7103.93,,,15-05-2025 17:15:38,15-05-2025 17:15:39,0.642s,PASSED
"click(findTestObject(""Object Repository/Page_Report - Simikro/input_Kemampuan mengevaluasi efektivitas so_5e98de""))",Chrome 136.0.7103.93,,,15-05-2025 17:15:39,15-05-2025 17:15:42,2.777s,PASSED
"click(findTestObject(""Object Repository/Page_Report - Simikro/input_Kemampuan menyesuaikan diri dengan li_d9f793""))",Chrome 136.0.7103.93,,,15-05-2025 17:15:42,15-05-2025 17:15:42,0.593s,PASSED
"click(findTestObject(""Object Repository/Page_Report - Simikro/input_Kemampuan menghadapi perubahan metode_956a94""))",Chrome 136.0.7103.93,,,15-05-2025 17:15:42,15-05-2025 17:15:43,0.551s,PASSED
"click(findTestObject(""Object Repository/Page_Report - Simikro/input_Kesiapan bekerja dalam kondisi keterb_40c5ae""))",Chrome 136.0.7103.93,,,15-05-2025 17:15:43,15-05-2025 17:15:43,0.475s,PASSED
"click(findTestObject(""Object Repository/Page_Report - Simikro/input_Fleksibilitas dalam menyesuaikan stra_a5a052""))",Chrome 136.0.7103.93,,,15-05-2025 17:15:43,15-05-2025 17:15:44,0.525s,PASSED
"click(findTestObject(""Object Repository/Page_Report - Simikro/input_Kemampuan memahami dan menghormati bu_bdd22d""))",Chrome 136.0.7103.93,,,15-05-2025 17:15:44,15-05-2025 17:15:44,0.554s,PASSED
"click(findTestObject(""Object Repository/Page_Report - Simikro/button_Submit Tes""))",Chrome 136.0.7103.93,,,15-05-2025 17:15:44,15-05-2025 17:15:48,4.024s,PASSED
takeFullPageScreenshot(),Chrome 136.0.7103.93,,,15-05-2025 17:15:48,15-05-2025 17:15:50,1.178s,PASSED
"verifyElementText(findTestObject(""Page_Report - Simikro/span_MENUNGGU VALIDASI""), ""MENUNGGU VALIDASI"")",Chrome 136.0.7103.93,,,15-05-2025 17:15:50,15-05-2025 17:15:50,0.356s,PASSED
"navigateToUrl(""http://127.0.0.1:8000/dashboard"")",Chrome 136.0.7103.93,,,15-05-2025 17:15:50,15-05-2025 17:15:53,3.248s,PASSED
,,,,,,,
Test Cases/Common/TC_Logout,Chrome 136.0.7103.93,Logs out the current user session.,,15-05-2025 17:15:53,15-05-2025 17:16:02,8.538s,PASSED
"click(findTestObject(""Object Repository/Page_Dashboard - Simikro/img_Simikro_profile-image rounded-circle""))",Chrome 136.0.7103.93,,,15-05-2025 17:15:54,15-05-2025 17:15:54,0.600s,PASSED
"click(findTestObject(""Object Repository/Page_Dashboard - Simikro/button_Keluar""))",Chrome 136.0.7103.93,,,15-05-2025 17:15:54,15-05-2025 17:15:55,0.635s,PASSED
"click(findTestObject(""Object Repository/Page_Dashboard - Simikro/button_Ya""))",Chrome 136.0.7103.93,,,15-05-2025 17:15:55,15-05-2025 17:15:58,3.383s,PASSED
"verifyElementVisible(findTestObject(""Page_Welcome - Simikro/img""))",Chrome 136.0.7103.93,,,15-05-2025 17:15:58,15-05-2025 17:15:59,0.500s,PASSED
"verifyElementVisible(findTestObject(""Page_Welcome - Simikro/h2_Simikro""))",Chrome 136.0.7103.93,,,15-05-2025 17:15:59,15-05-2025 17:15:59,0.411s,PASSED
"verifyElementVisible(findTestObject(""Page_Welcome - Simikro/p_Simikro adalah sistem digital inovatif yang dirancang untuk mempermudah evaluasi capaian microskill dalam program Merdeka Belajar Kampus Merdeka (MBKM). Dengan platform ini, mahasiswa dan dosen dapat mengakses, menilai""))",Chrome 136.0.7103.93,,,15-05-2025 17:15:59,15-05-2025 17:15:59,0.383s,PASSED
"verifyElementVisible(findTestObject(""Page_Welcome - Simikro/p_Mahasiswa dapat memantau hasil evaluasi secara real-time, memahami standar penilaian, serta mendapatkan umpan balik langsung dari dosen. Sementara itu, dosen dapat melakukan penilaian dengan lebih sistematis melalui fo""))",Chrome 136.0.7103.93,,,15-05-2025 17:15:59,15-05-2025 17:16:00,0.398s,PASSED
takeFullPageScreenshot(STOP_ON_FAILURE),Chrome 136.0.7103.93,,,15-05-2025 17:16:00,15-05-2025 17:16:01,1.378s,PASSED
closeBrowser(),Chrome 136.0.7103.93,,,15-05-2025 17:16:01,15-05-2025 17:16:02,0.529s,PASSED
,,,,,,,
Test Cases/Common/Login/TC_LoginAdminPT,Chrome 136.0.7103.93,Logs in as an institution administrator.,,15-05-2025 17:16:02,15-05-2025 17:16:22,19.998s,PASSED
"DATA BINDING - {""(Default) Role"":""AdminPT"",""(Default) Email"":""admin1@example.com"",""(Default) Passw..."":""8SQVv/p9jVScEs4/2CZsLw\u003d\u003d""}",,,,,,,
"openBrowser("""")",Chrome 136.0.7103.93,,,15-05-2025 17:16:02,15-05-2025 17:16:04,1.904s,PASSED
navigateToUrl(URL_Test_Env),Chrome 136.0.7103.93,,,15-05-2025 17:16:04,15-05-2025 17:16:06,1.876s,PASSED
maximizeWindow(),Chrome 136.0.7103.93,,,15-05-2025 17:16:06,15-05-2025 17:16:06,0.088s,PASSED
"verifyElementVisible(findTestObject(""Page_Welcome - Simikro/img""))",Chrome 136.0.7103.93,,,15-05-2025 17:16:06,15-05-2025 17:16:07,0.490s,PASSED
"verifyElementVisible(findTestObject(""Page_Welcome - Simikro/h2_Simikro""))",Chrome 136.0.7103.93,,,15-05-2025 17:16:07,15-05-2025 17:16:07,0.351s,PASSED
"verifyElementVisible(findTestObject(""Page_Welcome - Simikro/p_Simikro adalah sistem digital inovatif yang dirancang untuk mempermudah evaluasi capaian microskill dalam program Merdeka Belajar Kampus Merdeka (MBKM). Dengan platform ini, mahasiswa dan dosen dapat mengakses, menilai""))",Chrome 136.0.7103.93,,,15-05-2025 17:16:07,15-05-2025 17:16:07,0.325s,PASSED
"verifyElementVisible(findTestObject(""Page_Welcome - Simikro/p_Mahasiswa dapat memantau hasil evaluasi secara real-time, memahami standar penilaian, serta mendapatkan umpan balik langsung dari dosen. Sementara itu, dosen dapat melakukan penilaian dengan lebih sistematis melalui fo""))",Chrome 136.0.7103.93,,,15-05-2025 17:16:07,15-05-2025 17:16:08,0.391s,PASSED
takeFullPageScreenshot(STOP_ON_FAILURE),Chrome 136.0.7103.93,,,15-05-2025 17:16:08,15-05-2025 17:16:09,1.188s,PASSED
"click(findTestObject(""Object Repository/Page_Welcome - Simikro/a_Login""))",Chrome 136.0.7103.93,,,15-05-2025 17:16:09,15-05-2025 17:16:12,3.260s,PASSED
"setText(findTestObject(""Object Repository/Page_Login - Simikro/input_Email_email""), Email)",Chrome 136.0.7103.93,,,15-05-2025 17:16:12,15-05-2025 17:16:13,1.067s,PASSED
"setEncryptedText(findTestObject(""Object Repository/Page_Login - Simikro/input_Password_password""), Password)",Chrome 136.0.7103.93,,,15-05-2025 17:16:13,15-05-2025 17:16:14,0.578s,PASSED
"click(findTestObject(""Object Repository/Page_Login - Simikro/button_Masuk""))",Chrome 136.0.7103.93,,,15-05-2025 17:16:14,15-05-2025 17:16:19,5.288s,PASSED
"verifyElementText(findTestObject(""Object Repository/Page_Dashboard - Simikro/h1_Dashboard""), ""Dashboard"")",Chrome 136.0.7103.93,,,15-05-2025 17:16:19,15-05-2025 17:16:20,0.584s,PASSED
"verifyElementText(findTestObject(""Object Repository/Page_Dashboard - Simikro/span_AdminPT_1""), Role)",Chrome 136.0.7103.93,,,15-05-2025 17:16:20,15-05-2025 17:16:20,0.376s,PASSED
"verifyElementText(findTestObject(""Object Repository/Page_Dashboard - Simikro/span_AdminPT""), Role)",Chrome 136.0.7103.93,,,15-05-2025 17:16:20,15-05-2025 17:16:20,0.368s,PASSED
takeFullPageScreenshot(STOP_ON_FAILURE),Chrome 136.0.7103.93,,,15-05-2025 17:16:20,15-05-2025 17:16:22,1.344s,PASSED
,,,,,,,
Test Cases/Common/TC_EditProfile,Chrome 136.0.7103.93,Edits user profile information.,,15-05-2025 17:16:22,15-05-2025 17:16:41,18.877s,PASSED
"click(findTestObject(""Object Repository/Page_Report - Simikro/span_Pengaturan""))",Chrome 136.0.7103.93,,,15-05-2025 17:16:22,15-05-2025 17:16:22,0.487s,PASSED
"click(findTestObject(""Object Repository/Page_Report - Simikro/span_Profil Pengguna""))",Chrome 136.0.7103.93,,,15-05-2025 17:16:22,15-05-2025 17:16:30,7.416s,PASSED
"click(findTestObject(""Object Repository/Page_Profil Master - Simikro/a_Edit Profil""))",Chrome 136.0.7103.93,,,15-05-2025 17:16:30,15-05-2025 17:16:36,6.146s,PASSED
"click(findTestObject(""Object Repository/Page_Profil Master - Simikro/button_Simpan Perubahan""))",Chrome 136.0.7103.93,,,15-05-2025 17:16:36,15-05-2025 17:16:41,4.781s,PASSED
,,,,,,,
Test Cases/User Flow/AdminPT/TC_ValidatingSubmission,Chrome 136.0.7103.93,Validates a student's submission as an institution administrator.,,15-05-2025 17:16:41,15-05-2025 17:17:09,28.751s,PASSED
"click(findTestObject(""Object Repository/Page_Dashboard - Simikro/span_Pengajuan Konversi""))",Chrome 136.0.7103.93,,,15-05-2025 17:16:41,15-05-2025 17:16:45,3.744s,PASSED
"click(findTestObject(""Page_Report - Simikro/td_Teknik Informatika""))",Chrome 136.0.7103.93,,,15-05-2025 17:16:45,15-05-2025 17:16:48,3.489s,PASSED
"click(findTestObject(""Object Repository/Page_Report - Simikro/td_Eko Prasetyo""))",Chrome 136.0.7103.93,,,15-05-2025 17:16:48,15-05-2025 17:16:52,4.034s,PASSED
takeFullPageScreenshot(),Chrome 136.0.7103.93,,,15-05-2025 17:16:52,15-05-2025 17:16:53,1.357s,PASSED
"click(findTestObject(""Object Repository/Page_Report - Simikro/a_Validasi Berkas""))",Chrome 136.0.7103.93,,,15-05-2025 17:16:53,15-05-2025 17:16:57,3.322s,PASSED
"click(findTestObject(""Object Repository/Page_report - Simikro/input_VALID_laprak""))",Chrome 136.0.7103.93,,,15-05-2025 17:16:57,15-05-2025 17:16:58,0.816s,PASSED
"click(findTestObject(""Object Repository/Page_report - Simikro/input_VALID_sertifikat""))",Chrome 136.0.7103.93,,,15-05-2025 17:16:58,15-05-2025 17:16:58,0.489s,PASSED
"click(findTestObject(""Object Repository/Page_report - Simikro/input_VALID_dokumentasi""))",Chrome 136.0.7103.93,,,15-05-2025 17:16:58,15-05-2025 17:16:59,0.546s,PASSED
"setText(findTestObject(""Object Repository/Page_report - Simikro/input_NILAI REKOMENDASI PROGRAM_nilai_sertifikat""), ""90"")",Chrome 136.0.7103.93,,,15-05-2025 17:16:59,15-05-2025 17:17:00,0.851s,PASSED
"click(findTestObject(""Object Repository/Page_report - Simikro/input_VALID_tes_mikroskill""))",Chrome 136.0.7103.93,,,15-05-2025 17:17:00,15-05-2025 17:17:00,0.544s,PASSED
"setText(findTestObject(""Object Repository/Page_report - Simikro/input_TIDAK                                _1c4649""), ""90"")",Chrome 136.0.7103.93,,,15-05-2025 17:17:00,15-05-2025 17:17:01,0.943s,PASSED
"setText(findTestObject(""Object Repository/Page_report - Simikro/input_MAKSIMAL SKS_maks_sks""), ""20"")",Chrome 136.0.7103.93,,,15-05-2025 17:17:01,15-05-2025 17:17:02,0.800s,PASSED
"setText(findTestObject(""Object Repository/Page_report - Simikro/textarea_KOMENTAR_feedback""), ""Okay"")",Chrome 136.0.7103.93,,,15-05-2025 17:17:02,15-05-2025 17:17:03,0.988s,PASSED
"click(findTestObject(""Object Repository/Page_report - Simikro/button_Save""))",Chrome 136.0.7103.93,,,15-05-2025 17:17:03,15-05-2025 17:17:07,4.571s,PASSED
"verifyElementText(findTestObject(""Object Repository/Page_Report - Simikro/span_MENUNGGU PENILAIAN""), ""MENUNGGU PENILAIAN"")",Chrome 136.0.7103.93,,,15-05-2025 17:17:07,15-05-2025 17:17:08,0.541s,PASSED
takeFullPageScreenshot(),Chrome 136.0.7103.93,,,15-05-2025 17:17:08,15-05-2025 17:17:09,1.480s,PASSED
,,,,,,,
Test Cases/User Flow/AdminPT/TC_CheckSubmission,Chrome 136.0.7103.93,Reviews submission details as an institution administrator.,,15-05-2025 17:17:09,15-05-2025 17:17:22,12.559s,PASSED
"click(findTestObject(""Object Repository/Page_Report - Simikro/a_Rincian""))",Chrome 136.0.7103.93,,,15-05-2025 17:17:10,15-05-2025 17:17:13,3.404s,PASSED
"verifyElementVisible(findTestObject(""Object Repository/Page_Report - Simikro/h2_Rincian        Laporan Akhir""))",Chrome 136.0.7103.93,,,15-05-2025 17:17:13,15-05-2025 17:17:14,0.579s,PASSED
"verifyElementClickable(findTestObject(""Object Repository/Page_Report - Simikro/i_Berkas Laporan_fas fa-file-pdf""))",Chrome 136.0.7103.93,,,15-05-2025 17:17:14,15-05-2025 17:17:14,0.461s,PASSED
"verifyElementClickable(findTestObject(""Object Repository/Page_Report - Simikro/i_Berkas Sertifikat_fas fa-file-pdf""))",Chrome 136.0.7103.93,,,15-05-2025 17:17:14,15-05-2025 17:17:14,0.384s,PASSED
"verifyElementClickable(findTestObject(""Object Repository/Page_Report - Simikro/i_Berkas Dokumentasi_fas fa-file-pdf""))",Chrome 136.0.7103.93,,,15-05-2025 17:17:14,15-05-2025 17:17:15,0.376s,PASSED
"click(findTestObject(""Object Repository/Page_Report - Simikro/a_Back""))",Chrome 136.0.7103.93,,,15-05-2025 17:17:15,15-05-2025 17:17:18,3.595s,PASSED
"navigateToUrl(""http://127.0.0.1:8000/dashboard"")",Chrome 136.0.7103.93,,,15-05-2025 17:17:18,15-05-2025 17:17:22,3.583s,PASSED
,,,,,,,
Test Cases/Common/TC_Logout,Chrome 136.0.7103.93,Logs out the current user session.,,15-05-2025 17:17:22,15-05-2025 17:17:30,8.309s,PASSED
"click(findTestObject(""Object Repository/Page_Dashboard - Simikro/img_Simikro_profile-image rounded-circle""))",Chrome 136.0.7103.93,,,15-05-2025 17:17:22,15-05-2025 17:17:23,0.575s,PASSED
"click(findTestObject(""Object Repository/Page_Dashboard - Simikro/button_Keluar""))",Chrome 136.0.7103.93,,,15-05-2025 17:17:23,15-05-2025 17:17:23,0.618s,PASSED
"click(findTestObject(""Object Repository/Page_Dashboard - Simikro/button_Ya""))",Chrome 136.0.7103.93,,,15-05-2025 17:17:23,15-05-2025 17:17:24,0.608s,PASSED
"verifyElementVisible(findTestObject(""Page_Welcome - Simikro/img""))",Chrome 136.0.7103.93,,,15-05-2025 17:17:24,15-05-2025 17:17:27,3.418s,PASSED
"verifyElementVisible(findTestObject(""Page_Welcome - Simikro/h2_Simikro""))",Chrome 136.0.7103.93,,,15-05-2025 17:17:27,15-05-2025 17:17:28,0.345s,PASSED
"verifyElementVisible(findTestObject(""Page_Welcome - Simikro/p_Simikro adalah sistem digital inovatif yang dirancang untuk mempermudah evaluasi capaian microskill dalam program Merdeka Belajar Kampus Merdeka (MBKM). Dengan platform ini, mahasiswa dan dosen dapat mengakses, menilai""))",Chrome 136.0.7103.93,,,15-05-2025 17:17:28,15-05-2025 17:17:28,0.361s,PASSED
"verifyElementVisible(findTestObject(""Page_Welcome - Simikro/p_Mahasiswa dapat memantau hasil evaluasi secara real-time, memahami standar penilaian, serta mendapatkan umpan balik langsung dari dosen. Sementara itu, dosen dapat melakukan penilaian dengan lebih sistematis melalui fo""))",Chrome 136.0.7103.93,,,15-05-2025 17:17:28,15-05-2025 17:17:28,0.397s,PASSED
takeFullPageScreenshot(STOP_ON_FAILURE),Chrome 136.0.7103.93,,,15-05-2025 17:17:28,15-05-2025 17:17:30,1.399s,PASSED
closeBrowser(),Chrome 136.0.7103.93,,,15-05-2025 17:17:30,15-05-2025 17:17:30,0.488s,PASSED
,,,,,,,
Test Cases/Common/Login/TC_LoginProdi,Chrome 136.0.7103.93,Logs in as a study program representative.,,15-05-2025 17:17:30,15-05-2025 17:17:50,19.784s,PASSED
"DATA BINDING - {""(Default) Role"":""Prodi"",""(Default) Email"":""dosen@example.com"",""(Default) Passw..."":""8SQVv/p9jVScEs4/2CZsLw\u003d\u003d""}",,,,,,,
"openBrowser("""")",Chrome 136.0.7103.93,,,15-05-2025 17:17:31,15-05-2025 17:17:33,1.764s,PASSED
navigateToUrl(URL_Test_Env),Chrome 136.0.7103.93,,,15-05-2025 17:17:33,15-05-2025 17:17:35,2.060s,PASSED
maximizeWindow(),Chrome 136.0.7103.93,,,15-05-2025 17:17:35,15-05-2025 17:17:35,0.124s,PASSED
"verifyElementVisible(findTestObject(""Page_Welcome - Simikro/img""))",Chrome 136.0.7103.93,,,15-05-2025 17:17:35,15-05-2025 17:17:35,0.379s,PASSED
"verifyElementVisible(findTestObject(""Page_Welcome - Simikro/h2_Simikro""))",Chrome 136.0.7103.93,,,15-05-2025 17:17:35,15-05-2025 17:17:35,0.353s,PASSED
"verifyElementVisible(findTestObject(""Page_Welcome - Simikro/p_Simikro adalah sistem digital inovatif yang dirancang untuk mempermudah evaluasi capaian microskill dalam program Merdeka Belajar Kampus Merdeka (MBKM). Dengan platform ini, mahasiswa dan dosen dapat mengakses, menilai""))",Chrome 136.0.7103.93,,,15-05-2025 17:17:35,15-05-2025 17:17:36,0.354s,PASSED
"verifyElementVisible(findTestObject(""Page_Welcome - Simikro/p_Mahasiswa dapat memantau hasil evaluasi secara real-time, memahami standar penilaian, serta mendapatkan umpan balik langsung dari dosen. Sementara itu, dosen dapat melakukan penilaian dengan lebih sistematis melalui fo""))",Chrome 136.0.7103.93,,,15-05-2025 17:17:36,15-05-2025 17:17:36,0.357s,PASSED
takeFullPageScreenshot(STOP_ON_FAILURE),Chrome 136.0.7103.93,,,15-05-2025 17:17:36,15-05-2025 17:17:37,1.152s,PASSED
"click(findTestObject(""Object Repository/Page_Welcome - Simikro/a_Login""))",Chrome 136.0.7103.93,,,15-05-2025 17:17:37,15-05-2025 17:17:40,3.014s,PASSED
"setText(findTestObject(""Object Repository/Page_Login - Simikro/input_Email_email""), Email)",Chrome 136.0.7103.93,,,15-05-2025 17:17:40,15-05-2025 17:17:41,1.098s,PASSED
"setEncryptedText(findTestObject(""Object Repository/Page_Login - Simikro/input_Password_password""), Password)",Chrome 136.0.7103.93,,,15-05-2025 17:17:41,15-05-2025 17:17:42,0.743s,PASSED
"click(findTestObject(""Object Repository/Page_Login - Simikro/button_Masuk""))",Chrome 136.0.7103.93,,,15-05-2025 17:17:42,15-05-2025 17:17:48,5.411s,PASSED
"verifyElementText(findTestObject(""Object Repository/Page_Dashboard - Simikro/h1_Dashboard""), ""Dashboard"")",Chrome 136.0.7103.93,,,15-05-2025 17:17:48,15-05-2025 17:17:48,0.497s,PASSED
"verifyElementText(findTestObject(""Page_Dashboard - Simikro/span_Prodi_1""), Role)",Chrome 136.0.7103.93,,,15-05-2025 17:17:48,15-05-2025 17:17:49,0.441s,PASSED
"verifyElementText(findTestObject(""Page_Dashboard - Simikro/span_Prodi""), Role)",Chrome 136.0.7103.93,,,15-05-2025 17:17:49,15-05-2025 17:17:49,0.343s,PASSED
takeFullPageScreenshot(STOP_ON_FAILURE),Chrome 136.0.7103.93,,,15-05-2025 17:17:49,15-05-2025 17:17:50,1.191s,PASSED
,,,,,,,
Test Cases/Common/TC_EditProfile,Chrome 136.0.7103.93,Edits user profile information.,,15-05-2025 17:17:50,15-05-2025 17:18:07,16.711s,PASSED
"click(findTestObject(""Object Repository/Page_Report - Simikro/span_Pengaturan""))",Chrome 136.0.7103.93,,,15-05-2025 17:17:50,15-05-2025 17:17:51,0.476s,PASSED
"click(findTestObject(""Object Repository/Page_Report - Simikro/span_Profil Pengguna""))",Chrome 136.0.7103.93,,,15-05-2025 17:17:51,15-05-2025 17:17:57,5.988s,PASSED
"click(findTestObject(""Object Repository/Page_Profil Master - Simikro/a_Edit Profil""))",Chrome 136.0.7103.93,,,15-05-2025 17:17:57,15-05-2025 17:18:02,5.836s,PASSED
"click(findTestObject(""Object Repository/Page_Profil Master - Simikro/button_Simpan Perubahan""))",Chrome 136.0.7103.93,,,15-05-2025 17:18:02,15-05-2025 17:18:07,4.362s,PASSED
,,,,,,,
Test Cases/User Flow/Prodi/TC_AddSubject,Chrome 136.0.7103.93,Adds a new subject to the study program.,,15-05-2025 17:18:07,15-05-2025 17:18:21,14.449s,PASSED
"click(findTestObject(""Object Repository/Page_Penilaian MBKM - Simikro/span_Mata Kuliah""))",Chrome 136.0.7103.93,,,15-05-2025 17:18:07,15-05-2025 17:18:11,3.919s,PASSED
takeFullPageScreenshot(),Chrome 136.0.7103.93,,,15-05-2025 17:18:11,15-05-2025 17:18:12,1.513s,PASSED
"click(findTestObject(""Object Repository/Page_Mata Kuliah - Simikro/button_Tambah Mata Kuliah""))",Chrome 136.0.7103.93,,,15-05-2025 17:18:12,15-05-2025 17:18:13,0.434s,PASSED
"setText(findTestObject(""Object Repository/Page_Mata Kuliah - Simikro/textarea_Aksi_name""), ""New Subject"")",Chrome 136.0.7103.93,,,15-05-2025 17:18:13,15-05-2025 17:18:14,1.370s,PASSED
"setText(findTestObject(""Object Repository/Page_Mata Kuliah - Simikro/input_Aksi_sks""), ""3"")",Chrome 136.0.7103.93,,,15-05-2025 17:18:14,15-05-2025 17:18:15,0.821s,PASSED
"click(findTestObject(""Object Repository/Page_Mata Kuliah - Simikro/button_Simpan""))",Chrome 136.0.7103.93,,,15-05-2025 17:18:15,15-05-2025 17:18:20,4.569s,PASSED
takeFullPageScreenshot(),Chrome 136.0.7103.93,,,15-05-2025 17:18:20,15-05-2025 17:18:21,1.589s,PASSED
,,,,,,,
Test Cases/User Flow/Prodi/TC_DeleteSubject,Chrome 136.0.7103.93,Removes an existing subject from the study program.,,15-05-2025 17:18:21,15-05-2025 17:18:32,10.533s,PASSED
takeFullPageScreenshot(),Chrome 136.0.7103.93,,,15-05-2025 17:18:21,15-05-2025 17:18:23,1.453s,PASSED
"click(findTestObject(""Object Repository/Page_Mata Kuliah - Simikro/i_Teknik Informatika_fa fa-trash""))",Chrome 136.0.7103.93,,,15-05-2025 17:18:23,15-05-2025 17:18:26,2.817s,PASSED
"click(findTestObject(""Object Repository/Page_Mata Kuliah - Simikro/button_Yes""))",Chrome 136.0.7103.93,,,15-05-2025 17:18:26,15-05-2025 17:18:30,4.506s,PASSED
takeFullPageScreenshot(),Chrome 136.0.7103.93,,,15-05-2025 17:18:30,15-05-2025 17:18:32,1.605s,PASSED
,,,,,,,
Test Cases/User Flow/Prodi/TC_AssessingSubmission,Chrome 136.0.7103.93,Assesses a studentâ€™s submission as a study program representative.,,15-05-2025 17:18:32,15-05-2025 17:19:15,42.974s,PASSED
"click(findTestObject(""Object Repository/Page_Mata Kuliah - Simikro/span_Pengajuan Konversi""))",Chrome 136.0.7103.93,,,15-05-2025 17:18:32,15-05-2025 17:18:36,4.098s,PASSED
"click(findTestObject(""Object Repository/Page_Report - Simikro/td_Eko Prasetyo""))",Chrome 136.0.7103.93,,,15-05-2025 17:18:36,15-05-2025 17:18:40,3.776s,PASSED
"verifyElementText(findTestObject(""Object Repository/Page_Report - Simikro/span_MENUNGGU PENILAIAN""), ""MENUNGGU PENILAIAN"")",Chrome 136.0.7103.93,,,15-05-2025 17:18:40,15-05-2025 17:18:40,0.578s,PASSED
"verifyElementClickable(findTestObject(""Object Repository/Page_Report - Simikro/i_Eko Prasetyo_fas fa-file-pdf_1""))",Chrome 136.0.7103.93,,,15-05-2025 17:18:40,15-05-2025 17:18:41,0.359s,PASSED
"verifyElementClickable(findTestObject(""Object Repository/Page_Report - Simikro/i_Eko Prasetyo_fas fa-file-pdf_1_2""))",Chrome 136.0.7103.93,,,15-05-2025 17:18:41,15-05-2025 17:18:41,0.371s,PASSED
"verifyElementClickable(findTestObject(""Object Repository/Page_Report - Simikro/i_Eko Prasetyo_fas fa-file-pdf""))",Chrome 136.0.7103.93,,,15-05-2025 17:18:41,15-05-2025 17:18:42,0.311s,PASSED
takeFullPageScreenshot(),Chrome 136.0.7103.93,,,15-05-2025 17:18:42,15-05-2025 17:18:43,1.268s,PASSED
"click(findTestObject(""Object Repository/Page_Report - Simikro/a_Mulai Penilaian""))",Chrome 136.0.7103.93,,,15-05-2025 17:18:43,15-05-2025 17:18:46,3.328s,PASSED
"rightClick(findTestObject(""Object Repository/Page_Penilaian MBKM - Simikro/label_Nilai Rekomendasi Program            _79c0da""))",Chrome 136.0.7103.93,,,15-05-2025 17:18:46,15-05-2025 17:18:47,0.677s,PASSED
"click(findTestObject(""Object Repository/Page_Penilaian MBKM - Simikro/button_Pilih Mata Kuliah""))",Chrome 136.0.7103.93,,,15-05-2025 17:18:47,15-05-2025 17:18:47,0.518s,PASSED
"selectOptionByValue(findTestObject(""Object Repository/Page_Penilaian MBKM - Simikro/select_Pilih Mata Kuliah                   _9d5dd4""), ""1"", true)",Chrome 136.0.7103.93,,,15-05-2025 17:18:47,15-05-2025 17:18:49,1.482s,PASSED
"setText(findTestObject(""Object Repository/Page_Penilaian MBKM - Simikro/input_Aksi_nilai""), ""90"")",Chrome 136.0.7103.93,,,15-05-2025 17:18:49,15-05-2025 17:18:50,1.074s,PASSED
"click(findTestObject(""Object Repository/Page_Penilaian MBKM - Simikro/button_Tambah Data""))",Chrome 136.0.7103.93,,,15-05-2025 17:18:50,15-05-2025 17:18:50,0.429s,PASSED
"selectOptionByValue(findTestObject(""Object Repository/Page_Penilaian MBKM - Simikro/select_Pilih Mata Kuliah                   _72d249""), ""2"", true)",Chrome 136.0.7103.93,,,15-05-2025 17:18:50,15-05-2025 17:18:52,1.505s,PASSED
"setText(findTestObject(""Object Repository/Page_Penilaian MBKM - Simikro/input_Aksi_nilai_1""), ""85"")",Chrome 136.0.7103.93,,,15-05-2025 17:18:52,15-05-2025 17:18:53,0.854s,PASSED
"click(findTestObject(""Object Repository/Page_Penilaian MBKM - Simikro/button_Tambah Data""))",Chrome 136.0.7103.93,,,15-05-2025 17:18:53,15-05-2025 17:18:53,0.444s,PASSED
"selectOptionByValue(findTestObject(""Object Repository/Page_Penilaian MBKM - Simikro/select_Pilih Mata Kuliah                   _72d249_1""), ""3"", true)",Chrome 136.0.7103.93,,,15-05-2025 17:18:53,15-05-2025 17:18:55,1.459s,PASSED
"setText(findTestObject(""Object Repository/Page_Penilaian MBKM - Simikro/input_Aksi_nilai_1_2""), ""80"")",Chrome 136.0.7103.93,,,15-05-2025 17:18:55,15-05-2025 17:18:56,0.920s,PASSED
"click(findTestObject(""Object Repository/Page_Penilaian MBKM - Simikro/button_Simpan""))",Chrome 136.0.7103.93,,,15-05-2025 17:18:56,15-05-2025 17:19:00,4.245s,PASSED
"click(findTestObject(""Object Repository/Page_Penilaian MBKM - Simikro/a_Terbitkan""))",Chrome 136.0.7103.93,,,15-05-2025 17:19:00,15-05-2025 17:19:05,4.826s,PASSED
takeFullPageScreenshot(),Chrome 136.0.7103.93,,,15-05-2025 17:19:05,15-05-2025 17:19:06,1.213s,PASSED
"click(findTestObject(""Object Repository/Page_Penilaian MBKM - Simikro/a_Hasil Penilaian""))",Chrome 136.0.7103.93,,,15-05-2025 17:19:06,15-05-2025 17:19:08,2.167s,PASSED
delay(3),Chrome 136.0.7103.93,,,15-05-2025 17:19:08,15-05-2025 17:19:11,3.101s,PASSED
takeFullPageScreenshot(),Chrome 136.0.7103.93,,,15-05-2025 17:19:11,15-05-2025 17:19:12,0.736s,PASSED
"navigateToUrl(""http://127.0.0.1:8000/dashboard"")",Chrome 136.0.7103.93,,,15-05-2025 17:19:12,15-05-2025 17:19:15,2.972s,PASSED
,,,,,,,
Test Cases/Common/TC_Logout,Chrome 136.0.7103.93,Logs out the current user session.,,15-05-2025 17:19:15,15-05-2025 17:19:23,8.029s,PASSED
"click(findTestObject(""Object Repository/Page_Dashboard - Simikro/img_Simikro_profile-image rounded-circle""))",Chrome 136.0.7103.93,,,15-05-2025 17:19:15,15-05-2025 17:19:15,0.566s,PASSED
"click(findTestObject(""Object Repository/Page_Dashboard - Simikro/button_Keluar""))",Chrome 136.0.7103.93,,,15-05-2025 17:19:15,15-05-2025 17:19:16,0.522s,PASSED
"click(findTestObject(""Object Repository/Page_Dashboard - Simikro/button_Ya""))",Chrome 136.0.7103.93,,,15-05-2025 17:19:16,15-05-2025 17:19:20,3.779s,PASSED
"verifyElementVisible(findTestObject(""Page_Welcome - Simikro/img""))",Chrome 136.0.7103.93,,,15-05-2025 17:19:20,15-05-2025 17:19:20,0.537s,PASSED
"verifyElementVisible(findTestObject(""Page_Welcome - Simikro/h2_Simikro""))",Chrome 136.0.7103.93,,,15-05-2025 17:19:20,15-05-2025 17:19:21,0.315s,PASSED
"verifyElementVisible(findTestObject(""Page_Welcome - Simikro/p_Simikro adalah sistem digital inovatif yang dirancang untuk mempermudah evaluasi capaian microskill dalam program Merdeka Belajar Kampus Merdeka (MBKM). Dengan platform ini, mahasiswa dan dosen dapat mengakses, menilai""))",Chrome 136.0.7103.93,,,15-05-2025 17:19:21,15-05-2025 17:19:21,0.345s,PASSED
"verifyElementVisible(findTestObject(""Page_Welcome - Simikro/p_Mahasiswa dapat memantau hasil evaluasi secara real-time, memahami standar penilaian, serta mendapatkan umpan balik langsung dari dosen. Sementara itu, dosen dapat melakukan penilaian dengan lebih sistematis melalui fo""))",Chrome 136.0.7103.93,,,15-05-2025 17:19:21,15-05-2025 17:19:21,0.357s,PASSED
takeFullPageScreenshot(STOP_ON_FAILURE),Chrome 136.0.7103.93,,,15-05-2025 17:19:21,15-05-2025 17:19:22,1.110s,PASSED
closeBrowser(),Chrome 136.0.7103.93,,,15-05-2025 17:19:22,15-05-2025 17:19:23,0.413s,PASSED
